datetime,Actual_AQI,xgboost,lightgbm,catboost,rf,gb,ridge,linear,best_checkpoint,Closest_Model,Checkpoint_Model_Name
2026-10-01 21:00:00+00:00,27,36,37,37,28,33,56,57,53,rf,xgboost
2026-10-01 22:00:00+00:00,27,29,29,33,28,27,55,56,46,gb,xgboost
2026-10-01 23:00:00+00:00,27,23,22,22,21,22,55,55,40,xgboost,xgboost
2026-10-02 00:00:00+00:00,26,23,22,22,21,22,55,54,40,xgboost,xgboost
2026-10-02 01:00:00+00:00,26,23,22,22,21,22,54,54,40,xgboost,xgboost
2026-10-02 02:00:00+00:00,26,23,22,22,21,22,54,53,41,xgboost,xgboost
2026-10-02 03:00:00+00:00,27,23,22,22,21,22,54,53,40,xgboost,xgboost
2026-10-02 04:00:00+00:00,27,23,22,22,21,22,54,52,41,xgboost,xgboost
2026-10-02 05:00:00+00:00,27,23,22,22,21,22,53,52,40,xgboost,xgboost
2026-10-02 06:00:00+00:00,27,23,21,22,21,22,53,51,40,xgboost,xgboost
2026-10-02 07:00:00+00:00,26,23,21,22,21,22,53,51,41,xgboost,xgboost
2026-10-02 08:00:00+00:00,25,23,21,23,21,22,53,50,43,xgboost,xgboost
2026-10-02 09:00:00+00:00,25,22,22,22,21,20,52,50,43,xgboost,xgboost
2026-10-02 10:00:00+00:00,25,22,22,22,21,20,52,49,43,xgboost,xgboost
2026-10-02 11:00:00+00:00,25,23,22,22,21,21,52,49,41,xgboost,xgboost
2026-10-02 12:00:00+00:00,25,23,22,22,21,22,52,49,41,xgboost,xgboost
2026-10-02 13:00:00+00:00,25,23,22,22,21,22,52,50,41,xgboost,xgboost
2026-10-02 14:00:00+00:00,26,23,23,23,21,22,52,50,41,xgboost,xgboost
2026-10-02 15:00:00+00:00,26,23,23,22,21,22,52,50,41,xgboost,xgboost
2026-10-02 16:00:00+00:00,26,23,23,22,21,22,52,51,41,xgboost,xgboost
2026-10-02 17:00:00+00:00,26,23,22,22,21,22,52,51,40,xgboost,xgboost
2026-10-02 18:00:00+00:00,26,23,22,22,21,22,52,52,40,xgboost,xgboost
2026-10-02 19:00:00+00:00,26,23,22,22,21,22,52,52,39,xgboost,xgboost
2026-10-02 20:00:00+00:00,27,23,22,22,21,22,53,52,39,xgboost,xgboost
2026-10-02 21:00:00+00:00,27,23,22,22,21,22,53,53,39,xgboost,xgboost
2026-10-02 22:00:00+00:00,27,23,22,22,21,22,53,53,39,xgboost,xgboost
2026-10-02 23:00:00+00:00,27,23,22,23,21,22,53,53,39,xgboost,xgboost
2026-10-03 00:00:00+00:00,27,23,22,23,21,22,53,53,39,xgboost,xgboost
2026-10-03 01:00:00+00:00,27,23,22,23,21,22,53,52,39,xgboost,xgboost
2026-10-03 02:00:00+00:00,27,23,22,23,21,22,53,52,39,xgboost,xgboost
2026-10-03 03:00:00+00:00,27,23,22,23,21,22,53,52,39,xgboost,xgboost
2026-10-03 04:00:00+00:00,28,23,22,23,21,22,53,51,40,xgboost,xgboost
2026-10-03 05:00:00+00:00,28,22,22,23,21,22,52,51,39,catboost,xgboost
2026-10-03 06:00:00+00:00,28,22,21,23,21,22,52,51,39,catboost,xgboost
2026-10-03 07:00:00+00:00,27,22,22,23,21,22,52,50,39,catboost,xgboost
2026-10-03 08:00:00+00:00,27,22,22,23,21,22,52,50,42,catboost,xgboost
2026-10-03 09:00:00+00:00,27,22,23,23,21,22,52,50,42,lightgbm,xgboost
2026-10-03 10:00:00+00:00,26,23,23,23,21,22,52,50,43,xgboost,xgboost
2026-10-03 11:00:00+00:00,26,23,23,23,21,22,52,50,42,xgboost,xgboost
2026-10-03 12:00:00+00:00,26,23,23,23,21,22,53,50,42,xgboost,xgboost
2026-10-03 13:00:00+00:00,26,23,23,23,21,22,53,51,42,xgboost,xgboost
2026-10-03 14:00:00+00:00,26,23,23,23,21,22,53,51,42,xgboost,xgboost
2026-10-03 15:00:00+00:00,25,23,23,23,21,22,54,52,42,xgboost,xgboost
2026-10-03 16:00:00+00:00,25,23,23,23,21,22,54,53,42,xgboost,xgboost
2026-10-03 17:00:00+00:00,25,23,22,22,21,22,54,53,41,xgboost,xgboost
2026-10-03 18:00:00+00:00,25,23,22,22,21,22,54,53,41,xgboost,xgboost
2026-10-03 19:00:00+00:00,25,23,22,22,21,22,55,54,41,xgboost,xgboost
2026-10-03 20:00:00+00:00,25,24,23,23,21,22,55,54,40,xgboost,xgboost
2026-10-03 21:00:00+00:00,24,24,24,23,21,22,55,54,40,xgboost,xgboost
2026-10-03 22:00:00+00:00,24,24,24,23,22,22,55,54,40,xgboost,xgboost
2026-10-03 23:00:00+00:00,24,24,24,23,22,23,55,54,40,xgboost,xgboost
2026-10-04 00:00:00+00:00,24,24,24,23,22,23,55,54,40,xgboost,xgboost
2026-10-04 01:00:00+00:00,24,24,24,23,22,23,55,54,40,xgboost,xgboost
2026-10-04 02:00:00+00:00,24,24,23,23,22,23,55,53,41,xgboost,xgboost
2026-10-04 03:00:00+00:00,24,26,25,25,23,24,55,53,42,gb,xgboost
2026-10-04 04:00:00+00:00,24,26,25,25,23,24,55,53,42,gb,xgboost
2026-10-04 05:00:00+00:00,25,26,25,25,24,25,54,52,42,lightgbm,xgboost
2026-10-04 06:00:00+00:00,25,26,25,25,24,25,54,52,42,lightgbm,xgboost
2026-10-04 07:00:00+00:00,24,26,25,25,24,26,54,52,43,rf,xgboost
2026-10-04 08:00:00+00:00,25,26,25,25,24,26,54,52,45,lightgbm,xgboost
2026-10-04 09:00:00+00:00,26,26,25,30,25,26,55,52,43,xgboost,xgboost
2026-10-04 10:00:00+00:00,26,29,28,30,26,26,55,52,43,rf,xgboost
2026-10-04 11:00:00+00:00,27,29,29,29,27,27,55,52,42,rf,xgboost
2026-10-04 12:00:00+00:00,27,29,30,29,27,27,55,52,43,rf,xgboost
2026-10-04 13:00:00+00:00,28,29,30,30,28,27,56,53,42,rf,xgboost
2026-10-04 14:00:00+00:00,28,29,30,30,28,27,56,54,42,rf,xgboost
2026-10-04 15:00:00+00:00,28,29,30,30,28,27,56,54,42,rf,xgboost
2026-10-04 16:00:00+00:00,28,29,29,30,28,27,57,55,42,rf,xgboost
2026-10-04 17:00:00+00:00,28,29,29,30,28,27,57,55,42,rf,xgboost
2026-10-04 18:00:00+00:00,28,29,29,30,28,27,57,56,41,rf,xgboost
2026-10-04 19:00:00+00:00,29,29,29,30,28,27,58,57,41,xgboost,xgboost
2026-10-04 20:00:00+00:00,29,29,29,30,29,27,58,57,41,xgboost,xgboost
2026-10-04 21:00:00+00:00,30,29,29,30,33,31,59,58,40,catboost,xgboost
2026-10-04 22:00:00+00:00,31,29,29,30,33,32,59,58,40,catboost,xgboost
2026-10-04 23:00:00+00:00,32,31,30,32,33,32,59,59,40,catboost,xgboost
2026-10-05 00:00:00+00:00,33,31,32,32,33,33,60,59,40,rf,xgboost
2026-10-05 01:00:00+00:00,35,33,33,34,36,35,60,59,40,gb,xgboost
2026-10-05 02:00:00+00:00,37,38,37,37,39,38,61,60,43,lightgbm,xgboost
2026-10-05 03:00:00+00:00,39,40,41,39,41,39,61,60,43,catboost,xgboost
2026-10-05 04:00:00+00:00,40,40,41,42,45,42,61,60,43,xgboost,xgboost
2026-10-05 05:00:00+00:00,40,40,41,42,45,42,61,59,43,xgboost,xgboost
2026-10-05 06:00:00+00:00,39,40,41,42,45,42,60,58,43,xgboost,xgboost
2026-10-05 07:00:00+00:00,38,40,41,38,41,41,60,57,43,catboost,xgboost
2026-10-05 08:00:00+00:00,37,40,41,38,38,39,59,57,44,catboost,xgboost
2026-10-05 09:00:00+00:00,36,34,37,35,36,35,59,56,44,rf,xgboost
2026-10-05 10:00:00+00:00,35,33,33,33,35,35,58,56,42,rf,xgboost
2026-10-05 11:00:00+00:00,34,33,33,33,34,34,58,56,41,rf,xgboost
2026-10-05 12:00:00+00:00,34,33,33,33,34,34,58,56,41,rf,xgboost
2026-10-05 13:00:00+00:00,33,33,33,33,33,33,58,56,41,xgboost,xgboost
2026-10-05 14:00:00+00:00,33,33,33,33,33,32,59,56,41,xgboost,xgboost
2026-10-05 15:00:00+00:00,33,33,33,33,33,32,59,57,41,xgboost,xgboost
2026-10-05 16:00:00+00:00,33,33,33,33,33,32,59,58,41,xgboost,xgboost
2026-10-05 17:00:00+00:00,33,33,33,33,33,32,60,58,41,xgboost,xgboost
2026-10-05 18:00:00+00:00,33,33,33,33,33,33,60,59,41,xgboost,xgboost
2026-10-05 19:00:00+00:00,34,33,33,33,34,34,61,60,41,rf,xgboost
2026-10-05 20:00:00+00:00,35,33,33,33,36,34,62,61,43,rf,xgboost
