datetime,Actual_AQI,xgboost,lightgbm,catboost,rf,gb,ridge,linear,best_checkpoint,Closest_Model,Checkpoint_Model_Name
2025-11-11 12:00:00+00:00,70,71,70,67,72,69,81,80,67,lightgbm,xgboost
2025-11-11 13:00:00+00:00,70,71,70,67,72,69,81,81,67,lightgbm,xgboost
2025-11-11 14:00:00+00:00,70,71,70,67,72,69,81,81,67,lightgbm,xgboost
2025-11-11 15:00:00+00:00,70,71,70,67,72,69,81,82,67,lightgbm,xgboost
2025-11-11 16:00:00+00:00,70,70,70,67,71,68,81,82,67,xgboost,xgboost
2025-11-11 17:00:00+00:00,69,70,69,67,70,67,81,83,67,lightgbm,xgboost
2025-11-11 18:00:00+00:00,69,69,69,67,70,66,81,83,67,xgboost,xgboost
2025-11-11 19:00:00+00:00,69,68,68,65,70,66,81,83,65,xgboost,xgboost
2025-11-11 20:00:00+00:00,69,68,68,65,70,65,81,84,64,xgboost,xgboost
2025-11-11 21:00:00+00:00,69,67,68,64,70,65,81,84,64,lightgbm,xgboost
2025-11-11 22:00:00+00:00,69,67,67,64,70,65,81,83,64,rf,xgboost
2025-11-11 23:00:00+00:00,68,66,67,64,70,65,81,83,65,lightgbm,xgboost
2025-11-12 00:00:00+00:00,68,66,67,64,70,65,80,83,65,lightgbm,xgboost
2025-11-12 01:00:00+00:00,68,66,67,62,69,65,80,82,65,lightgbm,xgboost
2025-11-12 02:00:00+00:00,67,66,67,62,68,65,79,81,64,lightgbm,xgboost
2025-11-12 03:00:00+00:00,67,66,67,62,68,65,79,80,64,lightgbm,xgboost
2025-11-12 04:00:00+00:00,67,66,66,63,68,65,78,79,64,xgboost,xgboost
2025-11-12 05:00:00+00:00,67,66,67,64,68,65,78,79,65,lightgbm,xgboost
2025-11-12 06:00:00+00:00,68,67,67,66,69,66,79,79,67,xgboost,xgboost
2025-11-12 07:00:00+00:00,69,70,69,66,70,68,79,80,72,lightgbm,xgboost
2025-11-12 08:00:00+00:00,71,73,71,68,76,71,80,80,73,lightgbm,xgboost
2025-11-12 09:00:00+00:00,73,73,71,69,76,71,81,81,73,xgboost,xgboost
2025-11-12 10:00:00+00:00,74,74,73,70,77,72,81,82,75,xgboost,xgboost
2025-11-12 11:00:00+00:00,74,75,74,70,78,73,81,82,76,lightgbm,xgboost
2025-11-12 12:00:00+00:00,74,75,74,71,78,73,81,82,76,lightgbm,xgboost
2025-11-12 13:00:00+00:00,74,74,73,70,78,73,81,82,75,xgboost,xgboost
2025-11-12 14:00:00+00:00,73,73,72,70,76,70,81,82,75,xgboost,xgboost
2025-11-12 15:00:00+00:00,72,72,71,68,76,71,81,83,71,xgboost,xgboost
2025-11-12 16:00:00+00:00,72,71,71,68,76,71,81,83,71,xgboost,xgboost
2025-11-12 17:00:00+00:00,71,71,71,68,76,71,80,83,71,xgboost,xgboost
2025-11-12 18:00:00+00:00,70,70,69,67,73,69,80,83,69,xgboost,xgboost
2025-11-12 19:00:00+00:00,69,70,69,66,70,67,80,83,69,lightgbm,xgboost
2025-11-12 20:00:00+00:00,69,68,69,66,70,67,79,82,68,lightgbm,xgboost
2025-11-12 21:00:00+00:00,68,68,67,65,70,66,79,82,64,xgboost,xgboost
2025-11-12 22:00:00+00:00,68,66,67,63,70,65,79,82,64,lightgbm,xgboost
2025-11-12 23:00:00+00:00,68,66,67,62,69,65,79,82,64,lightgbm,xgboost
2025-11-13 00:00:00+00:00,68,66,67,64,70,65,79,82,64,lightgbm,xgboost
2025-11-13 01:00:00+00:00,71,71,70,66,76,69,81,83,70,xgboost,xgboost
2025-11-13 02:00:00+00:00,74,72,72,69,77,71,83,85,73,xgboost,xgboost
2025-11-13 03:00:00+00:00,75,74,75,69,79,72,84,86,76,lightgbm,xgboost
2025-11-13 04:00:00+00:00,76,77,76,71,81,74,84,86,78,lightgbm,xgboost
2025-11-13 05:00:00+00:00,78,77,77,73,84,75,85,86,79,xgboost,xgboost
2025-11-13 06:00:00+00:00,79,79,78,73,84,77,85,86,79,xgboost,xgboost
2025-11-13 07:00:00+00:00,80,80,80,77,83,79,86,87,81,xgboost,xgboost
2025-11-13 08:00:00+00:00,82,80,80,77,82,81,87,87,81,rf,xgboost
2025-11-13 09:00:00+00:00,84,85,84,80,91,83,88,89,83,lightgbm,xgboost
2025-11-13 10:00:00+00:00,86,87,86,82,97,87,90,90,87,lightgbm,xgboost
2025-11-13 11:00:00+00:00,87,89,87,82,100,87,90,91,88,lightgbm,xgboost
2025-11-13 12:00:00+00:00,88,89,88,83,100,87,91,92,90,lightgbm,xgboost
2025-11-13 13:00:00+00:00,89,89,88,84,100,88,91,93,89,xgboost,xgboost
2025-11-13 14:00:00+00:00,88,89,88,82,100,87,91,93,89,lightgbm,xgboost
2025-11-13 15:00:00+00:00,87,88,88,82,100,87,91,93,88,gb,xgboost
2025-11-13 16:00:00+00:00,86,87,86,81,97,87,90,93,87,lightgbm,xgboost
2025-11-13 17:00:00+00:00,85,87,83,81,92,83,90,92,83,xgboost,xgboost
2025-11-13 18:00:00+00:00,84,85,83,79,88,83,89,92,83,xgboost,xgboost
2025-11-13 19:00:00+00:00,82,81,81,79,83,81,89,92,82,xgboost,xgboost
2025-11-13 20:00:00+00:00,82,81,81,78,82,79,88,91,80,rf,xgboost
2025-11-13 21:00:00+00:00,81,79,81,77,82,79,88,91,80,lightgbm,xgboost
2025-11-13 22:00:00+00:00,83,82,81,78,83,80,89,93,82,rf,xgboost
2025-11-13 23:00:00+00:00,85,84,84,80,92,82,91,94,83,xgboost,xgboost
2025-11-14 00:00:00+00:00,85,86,84,79,92,82,91,94,84,xgboost,xgboost
2025-11-14 01:00:00+00:00,86,88,86,80,96,86,92,95,87,lightgbm,xgboost
2025-11-14 02:00:00+00:00,86,88,86,81,93,85,92,94,86,lightgbm,xgboost
2025-11-14 03:00:00+00:00,84,87,84,79,91,83,91,93,84,lightgbm,xgboost
2025-11-14 04:00:00+00:00,83,83,82,79,83,81,90,91,83,xgboost,xgboost
2025-11-14 05:00:00+00:00,83,83,82,80,84,81,90,91,83,xgboost,xgboost
2025-11-14 06:00:00+00:00,85,86,84,82,92,83,91,92,85,xgboost,xgboost
2025-11-14 07:00:00+00:00,89,90,89,85,100,88,94,95,90,lightgbm,xgboost
2025-11-14 08:00:00+00:00,96,98,96,91,98,99,99,100,98,lightgbm,xgboost
2025-11-14 09:00:00+00:00,105,106,103,99,105,108,103,105,105,rf,xgboost
2025-11-14 10:00:00+00:00,114,114,112,111,113,117,107,109,114,xgboost,xgboost
2025-11-14 11:00:00+00:00,120,119,118,112,119,122,111,113,120,xgboost,xgboost
2025-11-14 12:00:00+00:00,123,122,120,119,123,126,112,115,123,rf,xgboost
2025-11-14 13:00:00+00:00,123,126,125,121,123,126,112,115,123,rf,xgboost
2025-11-14 14:00:00+00:00,121,123,122,116,120,122,111,114,120,lightgbm,xgboost
2025-11-14 15:00:00+00:00,116,118,117,111,117,122,109,113,118,lightgbm,xgboost
2025-11-14 16:00:00+00:00,112,115,113,111,112,114,107,111,113,rf,xgboost
2025-11-14 17:00:00+00:00,110,112,111,107,111,112,106,110,109,linear,xgboost
2025-11-14 18:00:00+00:00,108,108,107,104,108,105,105,110,107,xgboost,xgboost
2025-11-14 19:00:00+00:00,106,107,106,102,108,104,104,109,106,lightgbm,xgboost
2025-11-14 20:00:00+00:00,105,106,104,102,105,103,104,109,105,rf,xgboost
2025-11-14 21:00:00+00:00,105,106,104,102,105,103,104,109,104,rf,xgboost
2025-11-14 22:00:00+00:00,104,105,104,101,104,103,103,108,104,lightgbm,xgboost
2025-11-14 23:00:00+00:00,102,103,103,97,103,102,102,107,103,gb,xgboost
2025-11-15 00:00:00+00:00,100,101,100,96,102,100,101,106,101,lightgbm,xgboost
2025-11-15 01:00:00+00:00,98,98,98,94,99,97,100,104,98,xgboost,xgboost
2025-11-15 02:00:00+00:00,96,98,97,93,98,96,99,102,97,gb,xgboost
2025-11-15 03:00:00+00:00,94,96,97,88,96,94,97,100,95,gb,xgboost
2025-11-15 04:00:00+00:00,93,93,93,89,96,92,96,99,93,xgboost,xgboost
2025-11-15 05:00:00+00:00,92,93,93,89,99,90,95,98,94,xgboost,xgboost
2025-11-15 06:00:00+00:00,93,93,93,89,97,91,95,97,94,xgboost,xgboost
2025-11-15 07:00:00+00:00,93,94,94,90,96,93,95,97,94,gb,xgboost
2025-11-15 08:00:00+00:00,94,95,95,89,96,94,95,97,95,gb,xgboost
2025-11-15 09:00:00+00:00,95,95,95,90,96,94,96,97,95,xgboost,xgboost
2025-11-15 10:00:00+00:00,95,95,95,90,96,94,96,97,95,xgboost,xgboost
2025-11-15 11:00:00+00:00,94,95,95,90,96,94,95,97,95,gb,xgboost
